actual,proposed
0.0,0.0
0.0,0.0
0.0,0.0
0.0,0.0
0.0,0.0
0.0,0.0
0.0,0.0
0.0,0.0
0.0,0.0
0.0,0.0
0.0,0.0
0.0,0.0
0.0,0.0
0.0,0.0
0.0,0.0
0.0,0.0
0.0,0.0
0.0,0.0
0.0,0.0
0.0,0.0
0.0,0.0
0.0,0.0
0.0,0.0
0.0,0.0
0.0,0.0
0.0,0.0
0.0,0.0
0.0,0.0
0.0,0.0
0.0,0.0
0.0,0.0
0.0,0.0
0.0,0.0
0.0,0.0
0.0,0.0
0.0,0.0
0.0,0.0
0.0,0.0
0.0,0.0
0.0,0.0
0.0,0.0
188.84799194335938,0.0
205.9004364013672,0.0
219.5424041748047,0.0
236.59483337402344,0.0
250.2367401123047,0.0
263.87872314453125,0.0
277.5206298828125,0.0
291.16259765625,0.0
301.39404296875,0.0
304.80450439453125,0.0
304.80450439453125,0.0
301.39404296875,0.0
301.39404296875,0.0
301.39404296875,0.0
301.39404296875,0.0
301.39404296875,0.0
297.9835205078125,0.0
297.9835205078125,0.0
294.57305908203125,3.8012006282806396
287.7520751953125,7.431775093078613
284.34161376953125,10.877949714660645
274.11016845703125,14.057290077209473
263.87872314453125,16.980058670043945
0.0,19.656124114990234
0.0,0.0
0.0,0.0
0.0,0.0
0.0,0.0
0.0,0.0
0.0,0.0
0.0,0.0
0.0,0.0
0.0,0.0
0.0,0.0
0.0,0.0
0.0,0.0
0.0,0.0
0.0,0.0
0.0,0.0
0.0,0.0
0.0,0.0
0.0,0.0
0.0,0.0
0.0,0.0
0.0,0.0
0.0,0.0
0.0,0.0
0.0,0.0
0.0,0.0
0.0,0.0
0.0,0.0
0.0,0.0
0.0,0.0
0.0,0.0
0.0,0.0
0.0,0.0
0.0,0.0
0.0,0.0
0.0,0.0
0.0,0.0
0.0,0.0
0.0,0.0
0.0,0.0
0.0,0.0
0.0,0.0
0.0,0.0
0.0,0.0
0.0,0.0
193.2340545654297,0.0
237.5703582763672,0.0
268.26470947265625,0.0
295.54864501953125,0.0
322.83245849609375,0.0
346.70587158203125,0.0
370.5793151855469,0.0
394.4527282714844,0.0
404.6841735839844,0.0
408.0946960449219,0.0
418.3261413574219,0.0524560809135437
435.3785095214844,5.541010856628418
438.7890319824219,11.042281150817871
442.1995544433594,16.376728057861328
452.4309997558594,21.550765991210938
459.2519226074219,26.660093307495117
469.4833679199219,31.662431716918945
472.8938903808594,36.60666275024414
469.4833679199219,41.40549087524414
466.0728454589844,45.97499084472656
0.0,50.323970794677734
0.0,0.0
0.0,0.0
0.0,0.0
0.0,0.0
0.0,0.0
0.0,0.0
0.0,0.0
0.0,0.0
0.0,0.0
0.0,0.0
0.0,0.0
0.0,0.0
0.0,0.0
0.0,0.0
0.0,0.0
0.0,0.0
0.0,0.0
0.0,0.0
0.0,0.0
0.0,0.0
0.0,0.0
0.0,0.0
0.0,0.0
0.0,0.0
0.0,0.0
0.0,0.0
0.0,0.0
0.0,0.0
0.0,0.0
0.0,0.0
0.0,0.0
0.0,0.0
0.0,0.0
0.0,0.0
0.0,0.0
0.0,0.0
0.0,0.0
0.0,0.0
0.0,0.0
0.0,0.0
0.0,0.0
0.0,0.0
0.0,0.0
0.0,0.0
0.0,0.0
0.0,0.0
0.0,0.0
0.0,0.0
0.0,0.0
0.0,0.0
0.0,0.0
0.0,0.0
0.0,0.0
0.0,0.0
0.0,0.0
0.0,0.0
0.0,0.0
0.0,0.0
0.0,0.0
0.0,0.0
0.0,0.0
0.0,0.0
0.0,0.0
0.0,0.0
0.0,0.0
0.0,0.0
0.0,0.0
0.0,0.0
0.0,0.0
0.0,0.0
0.0,0.0
0.0,0.0
0.0,0.0
0.0,0.0
0.0,0.0
0.0,0.0
0.0,0.0
0.0,0.0
0.0,0.0
0.0,0.0
0.0,0.0
0.0,0.0
0.0,0.0
206.4216766357422,0.0
230.29510498046875,0.0
254.16851806640625,0.0
271.22088623046875,0.0
291.68377685546875,0.0
308.73626708984375,0.0
0.0,0.0
0.0,0.0
0.0,0.0
0.0,0.0
0.0,0.0
0.0,0.0
0.0,0.0
0.0,0.0
0.0,0.0
0.0,0.0
0.0,0.0
0.0,0.0
0.0,0.0
0.0,0.0
0.0,0.0
0.0,0.0
0.0,0.0
0.0,0.0
0.0,0.0
0.0,0.0
0.0,0.0
0.0,0.0
0.0,0.0
0.0,0.0
0.0,0.0
0.0,0.0
0.0,0.0
0.0,0.0
0.0,0.0
0.0,0.0
0.0,0.0
0.0,0.0
0.0,0.0
0.0,0.0
0.0,0.0
0.0,0.0
0.0,0.0
0.0,0.0
0.0,0.0
0.0,0.0
0.0,0.0
0.0,0.0
0.0,0.0
0.0,0.0
0.0,0.0
0.0,0.0
0.0,0.0
0.0,0.0
0.0,0.0
0.0,0.0
0.0,0.0
0.0,0.0
0.0,0.0
0.0,0.0
0.0,0.0
0.0,0.0
0.0,0.0
0.0,0.0
0.0,0.0
0.0,0.0
0.0,0.0
0.0,0.0
0.0,0.0
0.0,0.0
0.0,0.0
0.0,0.0
0.0,0.0
0.0,0.0
0.0,0.0
0.0,0.0
0.0,0.0
0.0,0.0
0.0,0.0
0.0,0.0
0.0,0.0
0.0,0.0
0.0,0.0
0.0,0.0
0.0,0.0
0.0,0.0
0.0,0.0
0.0,0.0
0.0,0.0
0.0,0.0
0.0,0.0
0.0,0.0
0.0,0.0
0.0,0.0
0.0,0.0
0.0,0.0
0.0,0.0
0.0,0.0
0.0,0.0
0.0,0.0
0.0,0.0
0.0,0.0
0.0,0.0
0.0,0.0
0.0,0.0
0.0,0.0
0.0,0.0
0.0,0.0
0.0,0.0
0.0,0.0
0.0,0.0
0.0,0.0
0.0,0.0
0.0,0.0
0.0,0.0
0.0,0.0
0.0,0.0
0.0,0.0
0.0,0.0
0.0,0.0
0.0,0.0
0.0,0.0
0.0,0.0
0.0,0.0
0.0,0.0
0.0,0.0
0.0,0.0
0.0,0.0
0.0,0.0
0.0,0.0
0.0,0.0
0.0,0.0
0.0,0.0
0.0,0.0
0.0,0.0
0.0,0.0
0.0,0.0
0.0,0.0
0.0,0.0
0.0,0.0
0.0,0.0
0.0,0.0
0.0,0.0
0.0,0.0
0.0,0.0
0.0,0.0
0.0,0.0
0.0,0.0
0.0,0.0
0.0,0.0
0.0,0.0
0.0,0.0
0.0,0.0
0.0,0.0
0.0,0.0
0.0,0.0
0.0,0.0
0.0,0.0
0.0,0.0
0.0,0.0
0.0,30.08051872253418
0.0,30.75885772705078
0.0,31.366344451904297
0.0,31.905702590942383
0.0,32.42431640625
0.0,32.87821960449219
0.0,33.31466293334961
0.0,33.68955993652344
0.0,34.005271911621094
0.0,34.308841705322266
0.0,34.60073471069336
0.0,34.92616653442383
0.0,35.239078521728516
0.0,35.53995895385742
0.0,35.78450393676758
0.0,36.06440353393555
0.0,36.33353805541992
0.0,36.592323303222656
0.0,36.841156005859375
0.0,37.08041763305664
0.0,37.31047439575195
0.0,37.48692321777344
0.0,37.65658187866211
0.0,37.81971740722656
0.0,37.93181610107422
0.0,38.039608001708984
0.0,38.18800735473633
0.0,38.285945892333984
0.0,38.335350036621094
0.0,38.33809280395508
0.0,38.25120162963867
0.0,38.078125
0.0,37.866943359375
0.0,37.66388702392578
0.0,37.42387771606445
0.0,37.19309997558594
0.0,36.926429748535156
0.0,36.62525939941406
0.0,36.33566665649414
0.0,36.14674377441406
0.0,35.87555694580078
0.0,35.570037841796875
0.0,35.23150634765625
0.0,34.95075607299805
0.0,34.59128189086914
0.0,34.245635986328125
0.0,33.91328430175781
0.0,33.5489501953125
0.0,33.153865814208984
0.0,32.8187370300293
0.0,32.49650192260742
0.0,32.18666076660156
0.0,31.79920768737793
0.0,31.42665672302246
0.0,30.97890853881836
0.0,30.50362205505371
0.0,30.001850128173828
0.0,29.4746150970459
0.0,28.96765899658203
0.0,28.480199813842773
0.0,27.966726303100586
0.0,27.428237915039062
0.0,26.910459518432617
0.0,26.367834091186523
0.0,25.756555557250977
0.0,25.1240234375
0.0,24.515817642211914
0.0,24.020530700683594
0.0,23.58905601501465
0.0,23.129411697387695
0.0,22.68744659423828
0.0,22.262479782104492
0.0,21.853858947753906
0.0,21.505718231201172
0.0,21.17096519470215
0.0,20.804325103759766
0.0,20.407028198242188
0.0,20.025009155273438
0.0,19.568159103393555
0.0,19.039350509643555
0.0,18.530881881713867
0.0,18.086732864379883
0.0,17.704431533813477
0.0,17.33683204650879
0.0,17.028135299682617
0.0,16.82083511352539
0.0,16.62150764465332
0.0,16.385086059570312
0.0,16.157758712768555
0.0,15.89441204071045
0.0,15.596428871154785
0.0,15.309907913208008
0.0,15.079169273376465
0.0,14.678252220153809
0.0,14.158467292785645
0.0,13.524383544921875
0.0,12.825164794921875
0.0,12.108075141906738
0.0,11.463329315185547
0.0,10.932905197143555
0.0,10.422882080078125
0.0,0.0
0.0,0.0
0.0,0.0
0.0,0.0
0.0,0.0
0.0,0.0
0.0,0.0
0.0,0.0
0.0,0.0
0.0,0.0
0.0,0.0
0.0,0.0
0.0,0.0
0.0,0.0
0.0,0.0
0.0,0.0
0.0,0.0
0.0,0.0
0.0,0.0
0.0,0.0
0.0,0.0
0.0,0.0
0.0,0.0
0.0,0.0
0.0,0.0
0.0,0.0
0.0,0.0
0.0,0.0
0.0,0.0
0.0,0.0
0.0,0.0
0.0,0.0
0.0,0.0
0.0,0.0
0.0,9.834589004516602
0.0,10.888750076293945
0.0,11.99189281463623
0.0,13.052608489990234
0.0,14.162049293518066
0.0,15.27358341217041
0.0,16.431894302368164
0.0,17.63517951965332
0.0,18.881710052490234
0.0,20.125059127807617
0.0,21.320589065551758
0.0,22.5148983001709
0.0,23.66327476501465
0.0,24.767480850219727
0.0,25.784454345703125
0.0,26.762313842773438
0.0,27.657800674438477
0.0,28.518844604492188
0.0,29.346771240234375
0.0,30.14285659790039
0.0,30.95308494567871
0.0,31.73215103149414
0.0,32.52601623535156
0.0,33.28934860229492
0.0,33.97855758666992
0.0,34.6860237121582
0.0,35.411041259765625
0.0,36.108177185058594
0.0,36.86802291870117
0.0,37.59864807128906
0.0,38.34592819213867
0.0,39.06446838378906
0.0,39.71061325073242
0.0,40.287139892578125
0.0,40.796730041503906
0.0,41.331485748291016
0.0,41.845672607421875
0.0,42.340084075927734
0.0,42.90500259399414
0.0,43.492958068847656
0.0,43.96877670288086
0.0,44.33676528930664
0.0,44.69060134887695
0.0,44.98606491088867
0.0,45.22540283203125
0.0,45.410770416259766
0.0,45.63376998901367
0.0,45.84819412231445
0.0,46.00960922241211
0.0,46.07529067993164
0.0,46.13844680786133
0.0,46.15441131591797
0.0,46.080230712890625
0.0,45.8746223449707
0.0,45.63215255737305
0.0,45.354248046875
0.0,44.99750518798828
0.0,44.609718322753906
0.0,44.281612396240234
0.0,43.92136001586914
0.0,43.57496643066406
0.0,43.19712829589844
0.0,42.833824157714844
0.0,42.529258728027344
0.0,42.23640441894531
0.0,41.91004943847656
0.0,41.5067253112793
0.0,40.984622955322266
0.0,40.3930778503418
0.0,39.73475646972656
0.0,38.922706604003906
0.0,38.007598876953125
0.0,36.94863510131836
0.0,35.796112060546875
0.0,34.55363082885742
0.0,33.17987823486328
0.0,31.769439697265625
0.0,30.368488311767578
0.0,28.887128829956055
0.0,27.283693313598633
0.0,25.652402877807617
0.0,24.03908920288086
0.0,22.353540420532227
0.0,20.68805694580078
0.0,18.997102737426758
0.0,17.281658172607422
0.0,15.63219165802002
0.0,14.046167373657227
0.0,12.476383209228516
0.0,10.877449035644531
0.0,9.340012550354004
0.0,7.906471252441406
0.0,6.572829723358154
0.0,5.33524227142334
0.0,4.190017223358154
0.0,3.13360333442688
0.0,2.2073476314544678
0.0,1.451004147529602
0.0,0.8580413460731506
0.0,0.37741193175315857
0.0,0.049555059522390366
0.0,0.0
0.0,0.0
0.0,0.0
0.0,0.06217273697257042
0.0,0.3283589482307434
0.0,0.7185978889465332
0.0,1.3176414966583252
0.0,2.07269549369812
0.0,3.067286252975464
0.0,4.247437477111816
0.0,5.561252593994141
0.0,7.003586769104004
0.0,8.524737358093262
0.0,10.076904296875
0.0,11.569374084472656
0.0,13.183494567871094
0.0,14.825060844421387
0.0,16.40349006652832
0.0,17.92120933532715
0.0,19.380556106567383
0.0,20.739009857177734
0.0,21.9556884765625
0.0,23.080808639526367
0.0,24.117891311645508
0.0,25.070322036743164
0.0,25.941362380981445
0.0,26.689373016357422
0.0,27.363849639892578
0.0,28.012386322021484
0.0,28.680742263793945
0.0,29.23386573791504
0.0,29.676191329956055
0.0,30.146263122558594
0.0,30.68778419494629
0.0,31.208477020263672
0.0,31.664379119873047
0.0,32.0579833984375
0.0,32.43644714355469
0.0,32.84511947631836
0.0,33.282840728759766
0.0,33.74848556518555
0.0,34.28574752807617
0.0,34.80234909057617
0.0,35.29907989501953
0.0,35.77670669555664
0.0,36.28071975708008
0.0,36.765350341796875
0.0,37.27610397338867
0.0,37.722450256347656
0.0,38.106868743896484
0.0,38.476505279541016
0.0,38.8319206237793
0.0,39.173667907714844
0.0,39.412742614746094
0.0,39.553096771240234
0.0,39.59852981567383
0.0,39.642215728759766
0.0,39.68421936035156
0.0,39.59031677246094
0.0,39.50002670288086
0.0,39.32368087768555
0.0,39.064598083496094
0.0,38.81547546386719
0.0,38.53117370605469
0.0,38.30257034301758
0.0,38.082759857177734
0.0,37.78187561035156
0.0,37.49256134033203
0.0,37.214378356933594
0.0,36.94689178466797
0.0,36.689693450927734
0.0,36.26333999633789
0.0,35.76385498046875
0.0,35.104530334472656
0.0,34.29151153564453
0.0,33.3754768371582
0.0,32.360382080078125
0.0,31.250041961669922
0.0,30.04811668395996
0.0,28.758129119873047
0.0,27.38347053527832
0.0,26.061681747436523
0.0,24.611682891845703
0.0,23.083160400390625
0.0,21.523900985717773
0.0,19.935089111328125
0.0,18.36262321472168
0.0,16.716344833374023
0.0,15.088622093200684
0.0,13.478744506835938
0.0,11.84125804901123
0.0,10.2219877243042
0.0,8.530710220336914
0.0,6.8597187995910645
0.0,5.208232879638672
0.0,3.6650288105010986
0.0,2.1811788082122803
0.0,0.7543998956680298
0.0,0.0
0.0,0.0
0.0,0.0
0.0,0.0
0.0,0.0
0.0,0.0
0.0,0.0
0.0,0.0
0.0,0.0
0.0,0.0
0.0,0.0
0.0,0.0
0.0,0.0
0.0,0.0
0.0,0.0
0.0,0.0
0.0,0.0
0.0,0.0
0.0,0.8116176128387451
0.0,2.0337655544281006
0.0,3.298431158065796
0.0,4.648746490478516
0.0,6.081413269042969
0.0,7.548504829406738
0.0,9.00393295288086
0.0,10.44814682006836
0.0,11.926337242126465
0.0,13.437201499938965
0.0,14.93471908569336
0.0,16.3746395111084
0.0,17.80394172668457
0.0,19.22303581237793
0.0,20.542783737182617
0.0,21.8117733001709
0.0,23.076719284057617
0.0,24.337778091430664
0.0,25.505569458007812
0.0,26.583681106567383
0.0,27.620328903198242
0.0,28.661869049072266
0.0,29.61858558654785
0.0,30.583269119262695
0.0,31.421323776245117
0.0,32.271907806396484
0.0,33.08977508544922
0.0,33.876190185546875
0.0,34.58759307861328
0.0,35.3163948059082
0.0,35.97240447998047
0.0,36.64794921875
0.0,37.25274658203125
0.0,37.744754791259766
0.0,38.217838287353516
0.0,38.5384407043457
0.0,38.80194854736328
0.0,39.010555267333984
0.0,39.12161636352539
0.0,39.317928314208984
0.0,39.46192932128906
0.0,39.60039138793945
0.0,39.5992431640625
0.0,39.687660217285156
0.0,39.817440032958984
0.0,39.85270309448242
0.0,39.84185028076172
0.0,39.83141326904297
0.0,39.776611328125
0.0,39.72392272949219
0.0,39.673255920410156
0.0,39.579776763916016
0.0,39.44512939453125
0.0,39.27089309692383
0.0,39.103363037109375
0.0,38.89751052856445
0.0,38.654815673828125
0.0,38.37669372558594
0.0,38.01974105834961
0.0,37.631752014160156
0.0,37.30345153808594
0.0,36.94301223754883
0.0,36.596439361572266
0.0,36.26319122314453
0.0,35.89799880981445
0.0,35.50209426879883
0.0,35.07665252685547
0.0,34.48851776123047
0.0,33.8334846496582
0.0,33.20363998413086
0.0,32.50849533081055
0.0,31.70579719543457
0.0,30.799684524536133
0.0,29.838895797729492
0.0,28.73600959777832
0.0,27.586015701293945
0.0,26.345964431762695
0.0,25.06407928466797
0.0,23.741971969604492
0.0,22.38119125366211
0.0,20.98322105407715
0.0,19.504728317260742
0.0,17.904050827026367
0.0,16.27541160583496
0.0,14.619887351989746
0.0,12.983274459838867
0.0,11.409607887268066
0.0,9.896466255187988
0.0,8.396759986877441
0.0,6.999497413635254
0.0,5.655976295471191
0.0,4.364128589630127
0.0,3.1219677925109863
0.0,1.8828186988830566
0.0,0.7360926866531372
0.0,0.0
0.0,0.0
0.0,0.0
0.0,0.0
0.0,0.0
0.0,0.0
0.0,0.0
0.0,0.0
0.0,0.0
0.0,0.0
0.0,0.0
0.0,0.0
0.0,0.0
0.0,0.0
0.0,0.0
0.0,0.0
0.0,0.0
0.0,0.0
0.0,0.0
0.0,0.0
0.0,0.0
0.0,0.0
0.0,0.0
0.0,0.0
0.0,0.8654671311378479
0.0,1.8617262840270996
0.0,2.864431381225586
0.0,3.9628612995147705
0.0,5.108567237854004
0.0,6.254971504211426
0.0,7.446810245513916
0.0,8.637572288513184
0.0,9.827299118041992
0.0,10.971267700195312
0.0,12.11600112915039
0.0,13.216706275939941
0.0,14.275076866149902
0.0,15.292740821838379
0.0,16.226499557495117
0.0,17.07958221435547
0.0,17.944616317749023
0.0,18.865903854370117
0.0,19.617469787597656
0.0,20.25060272216797
0.0,20.814620971679688
0.0,21.356945037841797
0.0,21.8784122467041
0.0,22.37982177734375
0.0,22.86194610595703
0.0,23.325529098510742
0.0,23.77128028869629
0.0,24.199888229370117
0.0,24.612010955810547
0.0,25.05304527282715
0.0,25.47711753845215
0.0,25.795352935791016
0.0,26.05658721923828
0.0,26.173484802246094
0.0,26.241121292114258
0.0,26.350921630859375
0.0,26.411733627319336
0.0,26.335922241210938
0.0,26.21826171875
0.0,26.060361862182617
0.0,25.81900978088379
0.0,25.542179107666016
0.0,25.275997161865234
0.0,24.97528839111328
0.0,24.641382217407227
0.0,24.230792999267578
0.0,23.74646759033203
0.0,23.23600959777832
0.0,22.78994369506836
0.0,22.450563430786133
0.0,22.124235153198242
0.0,21.631406784057617
0.0,21.023244857788086
0.0,20.348947525024414
0.0,19.65582275390625
0.0,18.989356994628906
0.0,18.303760528564453
0.0,17.599769592285156
0.0,16.833328247070312
0.0,16.051603317260742
0.0,15.210419654846191
0.0,14.31206226348877
0.0,13.35873031616211
0.0,12.39730453491211
0.0,11.338566780090332
0.0,10.275786399841309
0.0,9.253881454467773
0.0,8.226517677307129
0.0,7.193903923034668
0.0,6.201005935668945
0.0,5.201537132263184
0.0,4.240509033203125
0.0,3.316443681716919
0.0,2.3831558227539062
0.0,1.3067092895507812
0.0,0.22690491378307343
0.0,0.0
0.0,0.0
0.0,0.0
0.0,0.0
0.0,0.0
0.0,0.0
0.0,0.0
0.0,0.0
0.0,0.0
0.0,0.0
0.0,0.0
0.0,0.0
0.0,0.0
0.0,0.0
0.0,0.0
0.0,0.0
0.0,0.0
0.0,0.0
0.0,0.0
0.0,0.0
0.0,0.0
0.0,0.0
0.0,0.0
0.0,0.0
0.0,0.0
0.0,0.0
0.0,0.0
0.0,0.0
0.0,0.0
0.0,0.0
0.0,0.0
0.0,0.0
0.0,0.0
0.0,0.13473321497440338
0.0,1.3381516933441162
0.0,2.540048360824585
0.0,3.7852416038513184
0.0,5.116833209991455
0.0,6.486737251281738
0.0,7.893475532531738
0.0,9.335636138916016
0.0,10.767091751098633
0.0,12.143492698669434
0.0,13.511717796325684
0.0,14.872077941894531
0.0,16.22488021850586
0.0,17.570417404174805
0.0,18.908964157104492
0.0,20.240793228149414
0.0,21.566160202026367
0.0,22.79578971862793
0.0,23.978124618530273
0.0,25.15974998474121
0.0,26.38545036315918
0.0,27.653535842895508
184.16587829589844,28.872848510742188
0.0,30.179555892944336
0.0,31.3912410736084
0.0,32.511558532714844
0.0,33.63355255126953
0.0,34.7123908996582
0.0,35.74973678588867
0.0,36.74718475341797
0.0,37.706268310546875
0.0,38.62846374511719
0.0,39.42566680908203
0.0,40.10267639160156
0.0,40.70888900756836
0.0,41.291786193847656
0.0,41.852264404296875
0.0,42.39118576049805
0.0,42.90937805175781
0.0,43.40764236450195
0.0,43.841976165771484
0.0,44.21484375
0.0,44.618133544921875
0.0,45.00591278076172
0.0,45.37877655029297
0.0,45.91634750366211
0.0,46.43324661254883
0.0,46.930259704589844
184.16580200195312,47.363399505615234
187.57603454589844,47.95893096923828
0.0,48.576316833496094
0.0,49.0804328918457
0.0,49.52040100097656
0.0,49.898677825927734
0.0,50.30717468261719
0.0,50.744720458984375
0.0,51.165435791015625
0.0,51.525211334228516
0.0,51.82638168334961
0.0,52.16073226928711
0.0,52.437461853027344
0.0,52.658782958984375
0.0,52.8715934753418
0.0,53.07621765136719
0.0,53.18344497680664
0.0,53.241790771484375
0.0,53.25312423706055
0.0,53.219261169433594
0.0,53.18669891357422
0.0,53.065860748291016
0.0,52.86014938354492
0.0,52.61758804321289
0.0,52.3395881652832
0.0,52.11704635620117
0.0,51.81353759765625
0.0,51.47693634033203
0.0,51.1085205078125
0.0,50.709510803222656
0.0,50.32585144042969
0.0,49.91218185424805
0.0,49.514427185058594
0.0,49.13196563720703
0.0,48.80897903442383
0.0,48.498416900634766
0.0,48.155033111572266
0.0,47.869625091552734
0.0,47.639949798583984
0.0,47.41910934448242
0.0,47.20676040649414
0.0,46.957820892333984
0.0,46.6736946105957
0.0,46.40049362182617
0.0,46.13779830932617
0.0,45.84044647216797
0.0,45.55453109741211
0.0,45.27960968017578
0.0,44.97050094604492
0.0,44.58375549316406
0.0,44.167118072509766
0.0,43.76650619506836
0.0,43.336544036865234
0.0,42.878353118896484
0.0,42.48255157470703
0.0,42.10197067260742
0.0,41.73603057861328
0.0,41.384159088134766
0.0,41.00106430053711
0.0,40.63269805908203
0.0,40.233741760253906
0.0,39.85012435913086
0.0,39.436500549316406
0.0,39.038787841796875
0.0,38.61160659790039
0.0,38.20085144042969
0.0,37.85066223144531
0.0,37.51394271850586
0.0,37.19017028808594
0.0,36.92361831665039
0.0,36.71207809448242
0.0,36.55344009399414
0.0,36.35614013671875
0.0,36.12166213989258
0.0,35.89620590209961
0.0,35.679420471191406
0.0,35.470970153808594
0.0,35.270538330078125
0.0,35.122581481933594
0.0,35.02507781982422
0.0,34.97608184814453
0.0,34.92897033691406
0.0,34.83891296386719
0.0,34.7523193359375
0.0,34.75857925415039
0.0,34.80936050415039
0.0,34.81342697143555
0.0,34.81733703613281
0.0,34.82109451293945
0.0,34.824710845947266
0.0,34.872947692871094
0.0,34.96409606933594
0.0,35.05173873901367
0.0,35.04648208618164
0.0,34.99666213989258
0.0,34.993526458740234
0.0,34.990509033203125
0.0,34.94284439086914
0.0,34.80748748779297
0.0,34.63257598876953
0.0,34.46438980102539
0.0,34.30267333984375
0.0,34.102413177490234
0.0,33.909854888916016
0.0,33.67993927001953
0.0,33.41410446166992
0.0,33.11373519897461
0.0,32.7801513671875
0.0,32.414634704589844
0.0,32.01841354370117
0.0,31.592670440673828
0.0,31.2728271484375
0.0,30.96528434753418
0.0,30.669572830200195
0.0,30.38523292541504
0.0,30.156593322753906
0.0,29.93674659729004
0.0,29.77012062072754
0.0,29.565139770507812
0.0,29.3680419921875
0.0,29.178524017333984
0.0,29.041059494018555
0.0,28.90888214111328
0.0,28.73702621459961
0.0,28.571779251098633
0.0,28.502410888671875
0.0,28.4804744720459
0.0,28.459381103515625
0.0,28.34957504272461
0.0,28.199230194091797
0.0,28.09943199157715
0.0,27.958707809448242
0.0,27.823394775390625
0.0,27.73805046081543
0.0,27.655990600585938
0.0,27.577083587646484
0.0,27.5012149810791
0.0,27.428260803222656
0.0,27.402873992919922
0.0,27.378463745117188
0.0,27.31023406982422
0.0,27.19986343383789
0.0,27.183259963989258
0.0,27.212060928344727
0.0,27.194988250732422
0.0,27.044286727905273
0.0,26.899381637573242
0.0,26.715286254882812
0.0,26.538270950317383
0.0,26.323301315307617
0.0,26.11659812927246
0.0,25.9178466796875
0.0,25.72673797607422
0.0,25.54298210144043
0.0,25.366291046142578
0.0,25.19639778137207
0.0,25.033037185668945
0.0,24.920724868774414
0.0,24.857494354248047
0.0,24.75193214416504
0.0,24.65043067932129
0.0,24.50806999206543
0.0,24.371185302734375
0.0,24.284326553344727
0.0,24.2008113861084
0.0,24.075742721557617
0.0,23.910720825195312
0.0,23.66252326965332
0.0,23.379108428955078
0.0,23.10659408569336
0.0,22.79979705810547
0.0,22.460037231445312
0.0,22.088581085205078
0.0,21.73141098022461
0.0,21.432743072509766
0.0,21.14556121826172
0.0,20.869426727294922
0.0,20.603910446166992
0.0,20.348608016967773
0.0,20.103124618530273
0.0,19.867080688476562
0.0,19.640117645263672
0.0,19.377120971679688
0.0,19.124237060546875
0.0,18.881080627441406
0.0,18.64727783203125
0.0,18.422466278076172
0.0,18.25106430053711
0.0,18.08625602722168
0.0,17.927785873413086
0.0,17.73064613342285
0.0,17.496326446533203
0.0,17.271018981933594
0.0,17.00961685180664
0.0,16.66874122619629
0.0,16.251449584960938
0.0,15.805444717407227
0.0,15.421357154846191
0.0,15.096805572509766
0.0,14.784736633300781
0.0,14.529433250427246
0.0,14.328713417053223
0.0,14.1804780960083
0.0,13.993179321289062
0.0,13.813084602355957
0.0,13.63991641998291
0.0,13.428645133972168
0.0,13.180736541748047
0.0,12.987126350402832
0.0,12.800962448120117
0.0,12.62195873260498
0.0,12.494603157043457
0.0,12.416910171508789
0.0,12.297440528869629
0.0,12.0482759475708
0.0,11.853458404541016
0.0,11.666133880615234
0.0,11.486013412475586
0.0,11.268057823181152
0.0,11.013721466064453
0.0,10.724407196044922
0.0,10.490981101989746
0.0,10.221772193908691
0.0,9.918153762817383
0.0,9.581450462341309
0.0,9.212932586669922
0.0,8.858589172363281
0.0,8.473111152648926
0.0,8.102458000183105
0.0,7.790825366973877
0.0,7.491178035736084
0.0,7.2030558586120605
0.0,6.926015377044678
0.0,6.614866733551025
0.0,6.315685272216797
0.0,5.983246803283691
0.0,5.618831634521484
0.0,5.268432140350342
0.0,4.886749744415283
0.0,4.4749836921691895
0.0,4.0342912673950195
0.0,3.5657854080200195
0.0,3.070535182952881
0.0,2.639096736907959
0.0,2.2690155506134033
0.0,1.9579317569732666
0.0,1.6588127613067627
0.0,1.326434850692749
0.0,0.9620770812034607
0.0,0.6564966440200806
0.0,0.4074328541755676
0.0,0.16794843971729279
0.0,0.027198219671845436
0.0,0.02615213580429554
0.0,0.15943694114685059
0.0,0.2875954210758209
0.0,0.410824716091156
0.0,0.39502376317977905
0.0,0.379830539226532
0.0,0.409985214471817
0.0,0.4389801025390625
0.0,0.4668598175048828
0.0,0.49366721510887146
0.0,0.6089706420898438
0.0,0.7198393940925598
0.0,0.871203601360321
0.0,1.1062732934951782
0.0,1.4218288660049438
0.0,1.8147709369659424
0.0,2.237363576889038
0.0,2.733229637145996
0.0,3.299551010131836
0.0,3.9336140155792236
0.0,4.543290138244629
0.0,5.129517078399658
0.0,5.693196773529053
0.0,6.235196590423584
0.0,6.756350040435791
0.0,7.2574591636657715
0.0,7.784058570861816
0.0,8.290404319763184
0.0,8.732511520385742
0.0,9.112854957580566
0.0,9.478569030761719
0.0,9.830218315124512
0.0,10.168341636657715
0.0,10.448698043823242
0.0,10.763033866882324
0.0,11.065279960632324
0.0,11.355901718139648
0.0,11.769632339477539
0.0,12.301740646362305
0.0,12.90290641784668
0.0,13.570477485656738
0.0,14.301900863647461
0.0,15.049951553344727
0.0,15.813994407653809
0.0,16.593414306640625
0.0,17.38762092590332
0.0,18.06175422668457
0.0,18.62043571472168
0.0,19.112865447998047
0.0,19.54159164428711
0.0,19.953828811645508
0.0,20.394973754882812
0.0,20.640098571777344
0.0,20.786272048950195
0.0,20.88205909729004
0.0,21.0189266204834
0.0,21.195293426513672
0.0,21.45439910888672
0.0,21.748302459716797
0.0,22.075666427612305
0.0,22.435203552246094
0.0,22.780912399291992
0.0,23.113323211669922
0.0,23.388185501098633
0.0,23.697240829467773
0.0,24.039173126220703
0.0,24.36795425415039
0.0,24.6840877532959
0.0,24.943300247192383
0.0,25.14777946472168
0.0,25.389158248901367
0.0,25.576488494873047
0.0,25.756614685058594
0.0,25.974576950073242
0.0,26.184154510498047
0.0,26.38567352294922
0.0,26.489912033081055
0.0,26.5006160736084
0.0,26.466148376464844
0.0,26.34347915649414
0.0,26.225528717041016
0.0,26.156877517700195
0.0,26.090866088867188
0.0,25.98263168334961
0.0,25.923322677612305
0.0,25.821531295776367
0.0,25.634126663208008
0.0,25.409168243408203
0.0,25.10333824157715
0.0,24.67498016357422
0.0,24.218334197998047
0.0,23.734487533569336
0.0,23.224491119384766
0.0,22.68934440612793
0.0,22.17478370666504
0.0,21.6352481842041
0.0,21.161226272583008
0.0,20.750202178955078
0.0,20.22069549560547
0.0,19.666790008544922
0.0,19.04466438293457
0.0,18.312177658081055
0.0,17.51833724975586
0.0,16.710264205932617
0.0,15.888510704040527
0.0,15.053600311279297
0.0,14.250802040100098
0.0,13.478879928588867
0.0,12.602356910705566
0.0,11.670022964477539
0.0,10.773548126220703
0.0,10.001076698303223
0.0,9.3478422164917
0.0,8.719732284545898
0.0,8.250067710876465
0.0,7.798466682434082
0.0,7.408998489379883
0.0,6.98974609375
0.0,6.5866193771362305
0.0,6.1989970207214355
0.0,5.8262834548950195
0.0,5.423145294189453
0.0,4.945985317230225
0.0,4.442413806915283
0.0,3.9582109451293945
0.0,3.492630958557129
0.0,3.000194549560547
0.0,2.4371745586395264
0.0,1.8958091735839844
0.0,1.3752655982971191
0.0,0.9642662405967712
0.0,0.5243109464645386
0.0,0.10127700120210648
0.0,0.0
0.0,0.0
0.0,0.0
0.0,0.0
0.0,0.0
0.0,0.0
0.0,0.0
0.0,0.0
0.0,0.0
0.0,0.0
0.0,0.0
0.0,0.0
0.0,0.0
0.0,0.0
0.0,0.0
0.0,0.0
0.0,0.0
0.0,0.0
0.0,0.0
0.0,0.0
0.0,0.0
0.0,0.0
0.0,0.0
0.0,0.0
0.0,0.0
0.0,0.0
0.0,0.0
0.0,0.0
0.0,0.0
0.0,0.0
0.0,0.0
0.0,0.0
0.0,0.0
0.0,0.0
0.0,0.0
0.0,0.0
0.0,0.0
0.0,0.0
0.0,0.0
0.0,0.0
0.0,0.0
0.0,0.0
0.0,0.0
0.0,0.0
0.0,0.0
0.0,0.0
0.0,0.0
0.0,0.0
0.0,0.0
0.0,0.0
0.0,0.0
0.0,0.0
0.0,0.0
0.0,0.0
0.0,0.0
0.0,0.0
0.0,0.0
0.0,0.0
0.0,0.0
0.0,0.0
0.0,0.0
0.0,0.0
0.0,0.0
0.0,0.0
0.0,0.0
0.0,0.0
0.0,0.0
0.0,0.0
0.0,0.0
0.0,0.0
0.0,0.0
0.0,0.0
0.0,0.0
0.0,0.0
0.0,0.0
0.0,0.0
0.0,0.0
0.0,0.0
0.0,0.0
0.0,0.0
0.0,0.0
0.0,0.0
0.0,0.0
0.0,0.0
0.0,0.0
0.0,0.0
0.0,0.0
0.0,0.0
0.0,0.0
0.0,0.0
0.0,0.0
0.0,0.0
0.0,0.0
0.0,0.0
0.0,0.0
0.0,0.0
0.0,0.0
0.0,0.0
0.0,0.0
0.0,0.0
0.0,0.0
0.0,0.0
0.0,0.0
0.0,0.0
0.0,0.0
0.0,0.0
0.0,0.0
0.0,0.0
0.0,0.0
0.0,0.0
0.0,0.0
0.0,0.0
0.0,0.0
0.0,0.0
0.0,0.0
0.0,0.0
0.0,0.0
0.0,0.0
0.0,0.0
0.0,0.0
0.0,0.0
0.0,0.0
0.0,0.0
0.0,0.0
0.0,0.0
0.0,0.0
0.0,0.0
0.0,0.0
0.0,0.0
0.0,0.0
0.0,0.0
0.0,0.0
0.0,0.0
0.0,0.1801028847694397
0.0,1.3817763328552246
0.0,2.537231683731079
0.0,3.693009853363037
0.0,4.759571552276611
0.0,5.785111904144287
0.0,6.815971374511719
0.0,7.807182788848877
0.0,8.715507507324219
0.0,9.544132232666016
0.0,10.206596374511719
0.0,10.754057884216309
0.0,11.325227737426758
0.0,11.874427795410156
0.0,12.492029190063477
0.0,13.130640029907227
0.0,13.65516185760498
0.0,14.114749908447266
0.0,14.467134475708008
0.0,14.761201858520508
0.0,14.954432487487793
0.0,15.095471382141113
0.0,15.141558647155762
0.0,15.141109466552734
0.0,15.095913887023926
0.0,15.00769329071045
0.0,14.967628479003906
0.0,14.839578628540039
0.0,14.671693801879883
0.0,14.555026054382324
0.0,14.398085594177246
0.0,14.202417373657227
0.0,13.924747467041016
0.0,13.657757759094238
0.0,13.31151008605957
0.0,12.844292640686035
0.0,12.260754585266113
0.0,11.610136032104492
0.0,10.939778327941895
0.0,10.205677032470703
0.0,9.455046653747559
0.0,8.688522338867188
0.0,7.9067206382751465
0.0,7.065461158752441
0.0,6.077503681182861
0.0,5.038021087646484
0.0,3.948991537094116
0.0,2.857084035873413
0.0,1.6728863716125488
0.0,0.44470760226249695
0.0,0.0
0.0,0.0
0.0,0.0
0.0,0.0
0.0,0.0
0.0,0.0
0.0,0.0
0.0,0.0
0.0,0.0
0.0,0.0
0.0,0.0
0.0,0.0
0.0,0.0
0.0,0.0
0.0,0.0
0.0,0.0
0.0,0.0
0.0,0.0
0.0,0.0
0.0,0.0
0.0,0.0
0.0,0.0
0.0,0.0
0.0,0.0
0.0,0.0
0.0,0.0
0.0,0.0
0.0,0.0
0.0,0.0
0.0,0.0
0.0,0.0
0.0,0.0
0.0,0.0
0.0,0.0
0.0,0.0
0.0,0.0
0.0,0.0
0.0,0.0
0.0,0.9614689946174622
0.0,2.043562889099121
0.0,3.0840377807617188
0.0,4.039730548858643
0.0,5.003429889678955
0.0,5.930063724517822
0.0,6.8210577964782715
0.0,7.63301944732666
0.0,8.413751602172852
0.0,9.119691848754883
0.0,9.70895767211914
0.0,10.230795860290527
0.0,10.687799453735352
0.0,11.171990394592285
0.0,11.637557983398438
0.0,12.08521842956543
0.0,12.470898628234863
0.0,12.796980857849121
0.0,13.06575870513916
0.0,13.324197769165039
0.0,13.527937889099121
0.0,13.679078102111816
0.0,13.779642105102539
0.0,13.831574440002441
0.0,13.79198169708252
0.0,13.709149360656738
0.0,13.584742546081543
0.0,13.509880065917969
0.0,13.437896728515625
0.0,13.323923110961914
0.0,13.214332580566406
0.0,13.064193725585938
0.0,12.919829368591309
0.0,12.691490173339844
0.0,12.382406234741211
0.0,11.995686531066895
0.0,11.57907772064209
0.0,11.08896541595459
0.0,10.528176307678223
0.0,9.899432182312012
0.0,9.205343246459961
0.0,8.448424339294434
0.0,7.675856590270996
0.0,6.843476295471191
0.0,5.953583717346191
0.0,5.008390426635742
0.0,4.010027885437012
0.0,2.960536479949951
0.0,1.9066466093063354
0.0,0.8485274314880371
0.0,0.0
0.0,0.0
0.0,0.0
0.0,0.0
0.0,0.0
0.0,0.0
0.0,0.0
0.0,0.0
0.0,0.0
0.0,0.0
0.0,0.0
0.0,0.0
0.0,0.0
0.0,0.0
0.0,0.0
0.0,0.0
0.0,0.0
0.0,0.0
0.0,0.0
0.0,0.0
0.0,0.0
0.0,0.0
0.0,0.0
0.0,0.0
0.0,0.0
0.0,0.0
0.0,0.0
0.0,0.0
0.0,0.0
0.0,0.0
0.0,0.0
0.0,0.0
0.0,0.0
0.0,0.0
0.0,0.0
0.0,0.0
0.0,0.0
0.0,0.0
0.0,0.0
0.0,0.0
0.0,0.0
0.0,0.0
0.0,0.0
0.0,0.0
0.0,0.3910120129585266
0.0,1.4950464963912964
0.0,2.601381778717041
0.0,3.7099292278289795
0.0,4.820603847503662
0.0,5.97808313369751
0.0,7.135807991027832
0.0,8.293767929077148
0.0,9.407191276550293
0.0,10.477790832519531
0.0,11.507213592529297
0.0,12.497042655944824
0.0,13.44880199432373
0.0,14.40871810913086
0.0,15.331714630126953
0.0,16.21921157836914
0.0,17.072572708129883
0.0,17.89311408996582
0.0,18.637331008911133
0.0,19.35292625427246
0.0,20.040996551513672
0.0,20.657840728759766
0.0,21.250959396362305
0.0,21.91079330444336
0.0,22.634775161743164
0.0,23.37567138671875
0.0,24.17759895324707
0.0,25.038209915161133
0.0,25.865720748901367
0.0,26.57187843322754
0.0,27.161346435546875
0.0,27.728145599365234
0.0,28.228382110595703
0.0,28.66461753845215
0.0,29.084074020385742
0.0,29.4426326751709
386.4859619140625,29.787403106689453
383.075439453125,123.60318756103516
383.075439453125,123.87718200683594
386.4859313964844,124.14064025878906
389.89642333984375,124.43872833251953
386.4859313964844,124.77011108398438
383.075439453125,125.04399108886719
372.8439636230469,125.26256561279297
355.79180908203125,125.33844757080078
355.79180908203125,125.1875991821289
325.0979919433594,124.81874084472656
311.4560241699219,124.2850112915039
297.8143310546875,123.59275817871094
294.40386962890625,122.74808502197266
294.40386962890625,121.89112854003906
287.5828857421875,120.97760772705078
280.7621765136719,120.00969696044922
253.4785614013672,118.89996337890625
246.65757751464844,117.65386199951172
236.42640686035156,116.36615753173828
236.42640686035156,114.99369049072266
222.78443908691406,113.49496459960938
215.9637451171875,111.96434783935547
188.6801300048828,110.31355285644531
0.0,108.54720306396484
0.0,106.71449279785156
0.0,104.86275482177734
0.0,102.9031753540039
0.0,100.79515838623047
0.0,98.58916473388672
497.1041259765625,96.2889633178711
483.46246337890625,224.75440979003906
469.8207702636719,222.2765350341797
456.1788024902344,219.71490478515625
439.1266784667969,217.02796936035156
422.07452392578125,214.2205810546875
411.8430480957031,211.3868865966797
401.6118469238281,208.5278778076172
387.96990966796875,205.5997772216797
374.3282470703125,202.60525512695312
360.68658447265625,199.54684448242188
347.04461669921875,196.42701721191406
329.9924621582031,193.203369140625
309.5298156738281,189.8351287841797
295.88787841796875,186.41738891601562
282.2462158203125,182.95204162597656
268.60455322265625,179.44093322753906
251.55238342285156,175.84104919433594
234.4999542236328,172.1558074951172
217.4477996826172,168.38848876953125
196.98516845703125,164.49749755859375
0.0,160.48756408691406
0.0,156.36329650878906
0.0,152.17384338378906
0.0,147.92169189453125
469.27899169921875,143.60928344726562
452.226806640625,263.58465576171875
431.7641906738281,259.1138000488281
418.1225280761719,254.6358642578125
407.89105224609375,250.19586181640625
397.6597595214844,245.79232788085938
387.4284362792969,241.4238739013672
380.6074523925781,237.1339111328125
366.9657897949219,232.8299102783203
353.323974609375,228.5123748779297
336.2718200683594,224.13710021972656
319.2195129394531,219.70628356933594
302.1673889160156,215.22207641601562
285.1150817871094,210.68650817871094
271.4732971191406,206.14634704589844
251.0106658935547,201.51222229003906
230.5480194091797,196.78775024414062
210.08538818359375,191.97642517089844
189.6227569580078,187.08155822753906
0.0,182.10638427734375
0.0,177.0987548828125
0.0,172.1046600341797
0.0,167.03408813476562
0.0,161.93470764160156
0.0,156.80764770507812
0.0,151.69873046875
0.0,146.6520233154297
0.0,141.66513061523438
0.0,136.64622497558594
0.0,131.64129638671875
0.0,126.64981842041016
0.0,121.71603393554688
0.0,116.88248443603516
0.0,112.10054779052734
0.0,107.36824798583984
309.53497314453125,102.72843170166016
302.7139892578125,217.0754852294922
295.8931579589844,212.610107421875
289.07232666015625,208.22694396972656
289.07232666015625,204.0123748779297
289.07232666015625,199.95989990234375
285.66180419921875,196.01852416992188
285.66180419921875,192.22872924804688
278.84100341796875,188.49517822265625
272.02001953125,184.81570434570312
268.6095275878906,181.27774047851562
265.1991882324219,177.7863311767578
254.96786499023438,174.294921875
244.73655700683594,170.80349731445312
237.91558837890625,167.35684204101562
231.09475708007812,163.95321655273438
227.68426513671875,160.6357421875
224.27392578125,157.40110778808594
220.86343383789062,154.24610900878906
214.04246520996094,151.21246337890625
200.40081787109375,148.02691650390625
196.9903106689453,144.9191131591797
0.0,141.9308624267578
0.0,138.78895568847656
0.0,135.7678985595703
0.0,132.81825256347656
0.0,129.89254760742188
0.0,127.03460693359375
0.0,124.24181365966797
0.0,121.42215728759766
489.8236083984375,118.62141418457031
483.0027770996094,237.8384552001953
472.77130126953125,235.03036499023438
469.3609619140625,232.19598388671875
459.129638671875,229.4258575439453
455.71917724609375,226.62799072265625
452.30865478515625,223.89295959472656
445.4878234863281,221.21836853027344
435.25653076171875,218.55712890625
428.4356994628906,215.8639373779297
418.2042541503906,213.184814453125
411.3834228515625,210.47445678710938
404.56256103515625,207.77879333496094
397.7416076660156,205.09730529785156
390.9207763671875,202.42941284179688
380.6894836425781,199.7746124267578
373.86865234375,197.08761596679688
363.6371765136719,194.41445922851562
356.81634521484375,191.70982360839844
349.99554443359375,189.01968383789062
343.174560546875,186.34347534179688
339.76422119140625,183.68067932128906
336.3537292480469,181.07553100585938
329.53289794921875,178.5258331298828
322.7119445800781,175.9846649169922
315.89111328125,173.4517059326172
305.6597900390625,170.92665100097656
298.83880615234375,168.36441040039062
288.6075134277344,165.8112030029297
278.3761901855469,163.22189331054688
268.1448974609375,160.597900390625
257.91357421875,157.94053649902344
251.09275817871094,155.25108337402344
240.8614501953125,152.57554626464844
234.0404815673828,149.86863708496094
593.9955444335938,147.17630004882812
587.174560546875,268.5438232421875
580.3536987304688,265.92205810546875
570.1224365234375,263.31158447265625
559.89111328125,260.667236328125
553.0701293945312,257.99029541015625
546.249267578125,255.3267822265625
539.428466796875,252.6761932373047
529.197021484375,250.0380401611328
512.1448974609375,247.36705017089844
491.6822814941406,244.57496643066406
467.8091735839844,241.6217041015625
450.75701904296875,238.46868896484375
437.115234375,235.213134765625
416.6526184082031,231.9037322998047
396.1900329589844,228.4530487060547
372.3169250488281,224.86648559570312
355.2646484375,221.1045379638672
341.62298583984375,217.2634735107422
331.3916931152344,213.39108276367188
314.33941650390625,209.53334045410156
304.10809326171875,205.60015869140625
290.46630859375,201.6839599609375
273.4141845703125,197.73934936523438
259.77239990234375,193.72262573242188
246.1306915283203,189.68133544921875
232.48890686035156,185.61643981933594
222.25759887695312,181.52882385253906
208.61581420898438,177.46414184570312
198.38450622558594,173.37673950195312
191.56369018554688,169.312255859375
